<lxs>
    <scene root="root" axis_length="5"/>

    <views default="mainCamera" p1default="p1" p2default="p2">
        <perspective id="mainCamera" near="0.1" far="500" angle="45">
            <from x="3" y="3" z="3"/>
            <to x="0" y="0.9" z="0"/>
        </perspective>
        <perspective id="p1" near="0.1" far="500" angle="45">
            <from x="0" y="3" z="1.6" />
            <to x="0" y="1.6" z="0" />
        </perspective>
        <perspective id="p2" near="0.1" far="500" angle="45">
            <from x="0" y="3" z="-1.6" />
            <to x="0" y="1.5" z="0" />
        </perspective>
    </views>

    <globals>
        <ambient r="0.2" g="0.2" b="0.2" a="1.0" />
        <background r="0.0" g="0.0" b="0.0" a="1.0" />
    </globals>

    <lights>
        <omni id="demoLight" enabled="1">
            <location x="0" y="4" z="0" w="1.0" />
            <ambient r="0.3" g="0.3" b="0.3" a="1.0" />
            <diffuse r="1.0" g="1.0" b="1.0" a="1.0" />
            <specular r="1.0" g="1.0" b="1.0" a="1.0" />
            <attenuation constant="1" linear="0" quadratic="0" />
        </omni>
        <omni id="light1" enabled="1">
            <location x="-4" y="2" z="0" w="1.0" />
            <ambient r="0.3" g="0.3" b="0.3" a="1.0" />
            <diffuse r="1.0" g="1.0" b="1.0" a="1.0" />
            <specular r="1.0" g="1.0" b="1.0" a="1.0" />
            <attenuation constant="1" linear="0" quadratic="0" />
        </omni>
        <omni id="light2" enabled="1">
            <location x="4" y="2" z="0" w="1.0" />
            <ambient r="0.3" g="0.3" b="0.3" a="1.0" />
            <diffuse r="1.0" g="1.0" b="1.0" a="1.0" />
            <specular r="1.0" g="1.0" b="1.0" a="1.0" />
            <attenuation constant="1" linear="0" quadratic="0" />
        </omni>
        <omni id="light3" enabled="1">
            <location x="0" y="2" z="4" w="1.0" />
            <ambient r="0.3" g="0.3" b="0.3" a="1.0" />
            <diffuse r="1.0" g="1.0" b="1.0" a="1.0" />
            <specular r="1.0" g="1.0" b="1.0" a="1.0" />
            <attenuation constant="1" linear="0" quadratic="0" />
        </omni>
        <omni id="light4" enabled="1">
            <location x="0" y="2" z="-4" w="1.0" />
            <ambient r="0.3" g="0.3" b="0.3" a="1.0" />
            <diffuse r="1.0" g="1.0" b="1.0" a="1.0" />
            <specular r="1.0" g="1.0" b="1.0" a="1.0" />
            <attenuation constant="1" linear="0" quadratic="0" />
        </omni>
    </lights>

    <textures>
        <texture id="octagonTileTex" file="scenes/images/white-ice.jpg" />
        <texture id="squareTileTex" file="scenes/images/dark-ice.jpg" />
        <texture id="p1PiecesTex" file="scenes/images/white-plastic.jpg" />
        <texture id="p2PiecesTex" file="scenes/images/black-plastic.jpg" />
        <texture id="tableTex" file="scenes/images/ice.jpg" />
        <texture id="iglooTex" file="scenes/images/igloo.jpg" />
        <texture id="snowTex" file="scenes/images/snow.jpg" />
        <texture id="boardTex" file="scenes/images/black-board.jpg" />
        <texture id="carrotTex" file="scenes/images/carrot.jpg" />
        <texture id="eyeTex" file="scenes/images/dark-olive.jpg" />
        <texture id="woodTex" file="scenes/images/darkwood.jpg" />

    </textures>

    <materials>
        <material id="tilesMaterial" shininess="10">
            <emission r="0.0" g="0.0" b="0.0" a="1.0" />
            <ambient r="0.1" g="0.1" b="0.1" a="1.0" />
            <diffuse r="0.5" g="0.5" b="0.5" a="1.0" />
            <specular r="0.5" g="0.5" b="0.5" a="1.0" />
        </material>
        <material id="piecesMaterial" shininess="10">
            <emission r="0.0" g="0.0" b="0.0" a="1.0" />
            <ambient r="0.2" g="0.2" b="0.2" a="1.0" />
            <diffuse r="0.5" g="0.5" b="0.5" a="1.0" />
            <specular r="0.5" g="0.5" b="0.5" a="1.0" />
        </material>

        <material id="tableMaterial" shininess="1">
            <emission r="0.0" g="0.0" b="0.0" a="1.0"/>
            <ambient r="0.2" g="0.2" b="0.2" a="1.0"/>
            <diffuse r="0.4" g="0.4" b="0.4" a="1.0"/>
            <specular r="0.6" g="0.6" b="0.6" a="1.0"/>
        </material>

        <material id="snowMaterial" shininess="1">
            <emission r="0.0" g="0.0" b="0.0" a="1.0"/>
            <ambient r="0.1" g="0.1" b="0.1" a="1.0"/>
            <diffuse r="0.3" g="0.3" b="0.3" a="1.0"/>
            <specular r="0.8" g="0.8" b="0.8" a="1.0"/>
        </material>

        <material id="snowManMaterial" shininess="1">
            <emission r="0.0" g="0.0" b="0.0" a="1.0"/>
            <ambient r="0.2" g="0.2" b="0.2" a="1.0"/>
            <diffuse r="0.6" g="0.6" b="0.6" a="1.0"/>
            <specular r="0.1" g="0.1" b="0.1" a="1.0"/>
        </material>

        <material id="iglooMaterial" shininess="1">
            <emission r="0.0" g="0.0" b="0.0" a="1.0"/>
            <ambient r="0.3" g="0.3" b="0.3" a="1.0"/>
            <diffuse r="0.4" g="0.4" b="0.4" a="1.0"/>
            <specular r="1" g="1" b="1" a="1.0"/>
        </material>
    </materials>

    <transformations>
        <transformation id="boardPos">
            <translate x="0" y="1.25" z="0" />
        </transformation>
    </transformations>

    <animations>
    </animations>

    <primitives>
        <primitive id="board">
            <board width="1.2" height="1.2" />
        </primitive>
        <primitive id="octagon">
            <regpolygon nsides="8" apothem="0.5" />
        </primitive>
        <primitive id="square">
            <regpolygon nsides="4" apothem="0.5" />
        </primitive>
        <primitive id="octagonPiecePrism">
            <prism nsides="8" apothem="0.5" height="0.05" />
        </primitive>
        <primitive id="squarePiecePrism">
            <prism nsides="4" apothem="0.5" height="0.05" />
        </primitive>

        <primitive id="boardTorus">
            <torus inner="0.05" outer="0.85" slices="10" loops="4"/>
        </primitive>
        <primitive id="boardRectangle">
            <rectangle x1="-0.6" y1="-0.6" x2="0.6" y2="0.6"/>
        </primitive>

        <primitive id="tableTopRectangle">
            <rectangle x1="-1" y1="-0.5" x2="1" y2="0.5"/>
        </primitive>
        <primitive id="tableLegCylinder">
            <cylinder base="0.08" top="0.08" height="1.2" slices="10" stacks="10"/>
        </primitive>
        <primitive id="tableTopSideRectangle">
            <rectangle x1="-0.5" y1="-0.025" x2="0.5" y2="0.025"/>
        </primitive>

        <primitive id="wallPlane">
            <plane npartsU="64" npartsV="64" />
        </primitive>

        <primitive id="iglooSphere">
            <sphere radius="5" slices="32" stacks="32" />
        </primitive>

        <primitive id="floorPlane">
            <plane npartsU="64" npartsV="64" />
        </primitive>

        <primitive id="snowManSphere">
            <sphere radius="1" slices="64" stacks="64" />
        </primitive>

        <primitive id="snowManCone">
            <cylinder base="0.2" top="0" height="1" slices="10" stacks="10" />
        </primitive>

        <primitive id="snowManEyeSphere">
            <sphere radius="0.1" slices="32" stacks="32" />
        </primitive>

        <primitive id="snowManArmCylinder">
            <cylinder base="0.04" top="0.04" height="1.2" slices="10" stacks="10" />
        </primitive>

        <primitive id="parallelepipedPrism">
            <prism nsides="4" apothem="0.5" height="1" />
        </primitive>

        <primitive id="parallelepipedRectangle">
            <rectangle x1="-0.5" x2="0.5" y1="-0.5" y2="0.5" />
        </primitive>
    </primitives>

    <components>
        <!-- Game related components -->
        <component id="octagonTile">
            <transformation>
                <rotate axis="y" angle="22.5" />
            </transformation>
            <materials>
                <material id="tilesMaterial" />
            </materials>
            <texture id="octagonTileTex" length_s="1" length_t="1" />
            <children>
                <primitiveref id="octagon" />
            </children>
        </component>
        <component id="squareTile">
            <transformation>
            </transformation>
            <materials>
                <material id="tilesMaterial" />
            </materials>
            <texture id="squareTileTex" length_s="1" length_t="1" />
            <children>
                <primitiveref id="square" />
            </children>
        </component>


        <component id="octagonPiece">
            <transformation>
                <rotate axis="y" angle="22.5" />
            </transformation>
            <materials>
                <material id="inherit" />
            </materials>
            <texture id="inherit" length_s="1" length_t="1" />
            <children>
                <primitiveref id="octagonPiecePrism" />
                <componentref id="octagonPieceTop" />
            </children>
        </component>
        <component id="octagonPieceTop">
            <transformation>
                <translate x="0" y="0.05" z="0" />
            </transformation>
            <materials>
                <material id="inherit" />
            </materials>
            <texture id="inherit" length_s="1" length_t="1" />
            <children>
                <primitiveref id="octagon" />
            </children>
        </component>

        <component id="squarePiece">
            <transformation>
            </transformation>
            <materials>
                <material id="inherit" />
            </materials>
            <texture id="inherit" length_s="1" length_t="1" />
            <children>
                <primitiveref id="squarePiecePrism" />
                <componentref id="squarePieceTop" />
            </children>
        </component>
        <component id="squarePieceTop">
            <transformation>
                <translate x="0" y="0.05" z="0" />
            </transformation>
            <materials>
                <material id="inherit" />
            </materials>
            <texture id="inherit" length_s="1" length_t="1" />
            <children>
                <primitiveref id="square" />
            </children>
        </component>

        <component id="squarePieceP1">
            <transformation>
            </transformation>
            <materials>
                <material id="piecesMaterial" />
            </materials>
            <texture id="p1PiecesTex" length_s="1" length_t="1" />
            <children>
                <componentref id="squarePiece" />
            </children>
        </component>
        <component id="octagonPieceP1">
            <transformation>
            </transformation>
            <materials>
                <material id="piecesMaterial" />
            </materials>
            <texture id="p1PiecesTex" length_s="1" length_t="1" />
            <children>
                <componentref id="octagonPiece" />
            </children>
        </component>

        <component id="squarePieceP2">
            <transformation>
            </transformation>
            <materials>
                <material id="piecesMaterial" />
            </materials>
            <texture id="p2PiecesTex" length_s="1" length_t="1" />
            <children>
                <componentref id="squarePiece" />
            </children>
        </component>
        <component id="octagonPieceP2">
            <transformation>
            </transformation>
            <materials>
                <material id="piecesMaterial" />
            </materials>
            <texture id="p2PiecesTex" length_s="1" length_t="1" />
            <children>
                <componentref id="octagonPiece" />
            </children>
        </component>

        <component id="pieceContainer">
            <transformation>
                <scale x="1.2" y="0.1" z="1.1" />
            </transformation>
            <materials>
                <material id="inherit" />
            </materials>
            <texture id="boardTex" length_s="1" length_t="1" />
            <children>
                <componentref id="box" />
            </children>
        </component>


        <component id="parallelepiped">
            <transformation>
            </transformation>
            <materials>
                <material id="inherit" />
            </materials>
            <texture id="inherit" />
            <children>
                <componentref id="parallelepipedSides" />
                <componentref id="parallelepipedTop" />
                <componentref id="parallelepipedBottom" />
            </children>
        </component>

        <component id="parallelepipedSides">
            <transformation>
                <rotate axis="y" angle="45" />
            </transformation>
            <materials>
                <material id="inherit" />
            </materials>
            <texture id="inherit" />
            <children>
                <primitiveref id="parallelepipedPrism" />
            </children>
        </component>

        <component id="parallelepipedTop">
            <transformation>
                <translate x="0" y="1" z="0" />
                <rotate axis="x" angle="-90" />
            </transformation>
            <materials>
                <material id="inherit" />
            </materials>
            <texture id="inherit" />
            <children>
                <primitiveref id="parallelepipedRectangle" />
            </children>
        </component>

        <component id="parallelepipedBottom">
            <transformation>
                <translate x="0" y="0" z="0" />
                <rotate axis="x" angle="90" />
            </transformation>
            <materials>
                <material id="inherit" />
            </materials>
            <texture id="inherit" />
            <children>
                <primitiveref id="parallelepipedRectangle" />
            </children>
        </component>


        <component id="box">
            <transformation>
            </transformation>
            <materials>
                <material id="inherit" />
            </materials>
            <texture id="inherit" />
            <children>
                <componentref id="boxWiderSide1" />
                <componentref id="boxWiderSide2" />
                <componentref id="boxNarrowerSide1" />
                <componentref id="boxNarrowerSide2" />
                <componentref id="boxBottom" />
            </children>
        </component>


        <component id="boxWiderSide1">
            <transformation>
                <translate x="-0.55" y="0" z="0" />
            </transformation>
            <materials>
                <material id="inherit" />
            </materials>
            <texture id="inherit" />
            <children>
                <componentref id="boxWiderSide" />
            </children>
        </component>

        <component id="boxWiderSide2">
            <transformation>
                <translate x="0.55" y="0" z="0" />
            </transformation>
            <materials>
                <material id="inherit" />
            </materials>
            <texture id="inherit" />
            <children>
                <componentref id="boxWiderSide" />
            </children>
        </component>


        <component id="boxWiderSide">
            <transformation>
                <scale x="0.1" y="1" z="1.5" />
            </transformation>
            <materials>
                <material id="inherit" />
            </materials>
            <texture id="inherit" />
            <children>
                <componentref id="parallelepiped" />
            </children>
        </component>

        <component id="boxNarrowerSide1">
            <transformation>
                <translate x="0" y="0" z="0.7" />
            </transformation>
            <materials>
                <material id="inherit" />
            </materials>
            <texture id="inherit" />
            <children>
                <componentref id="boxNarrowerSide" />
            </children>
        </component>


        <component id="boxNarrowerSide2">
            <transformation>
                <translate x="0" y="0" z="-0.7" />
            </transformation>
            <materials>
                <material id="inherit" />
            </materials>
            <texture id="inherit" />
            <children>
                <componentref id="boxNarrowerSide" />
            </children>
        </component>

        <component id="boxNarrowerSide">
            <transformation>
                <scale x="1" y="1" z="0.1" />
            </transformation>
            <materials>
                <material id="inherit" />
            </materials>
            <texture id="inherit" />
            <children>
                <componentref id="parallelepiped" />
            </children>
        </component>

        <component id="boxBottom">
            <transformation>
                <scale x="1" y="0.1" z="1.5" />
            </transformation>
            <materials>
                <material id="inherit" />
            </materials>
            <texture id="inherit" />
            <children>
                <componentref id="parallelepiped" />
            </children>
        </component>

        <!-- scene components start here -->
        <component id="root">
            <transformation>
            </transformation>
            <materials>
                <material id="inherit" />
            </materials>
            <texture id="none" />
            <children>
                <componentref id="table" />
                <componentref id="positionedBoard" />
                <componentref id="igloo" />
                <componentref id="floor" />
                <componentref id="snowMan1" />
                <componentref id="snowMan2" />
            </children>
        </component>

        <component id="igloo">
            <transformation>
                <rotate axis="x" angle="-270" />
                <scale x="1" y="1" z="-1" />
            </transformation>
            <materials>
                <material id="iglooMaterial" />
            </materials>
            <texture id="iglooTex" length_s="1" length_t="1" />
            <children>
                <primitiveref id="iglooSphere" />
            </children>
        </component>

        <component id="positionedBoard">
            <transformation>
                <transformationref id="boardPos" />
            </transformation>
            <materials>
                <material id="tilesMaterial" />
            </materials>
            <texture id="none" />
            <children>
                <componentref id="boardTiles" />
                <componentref id="boardBase" />
                <componentref id="boardSide" />
            </children>
        </component>

        <component id="boardTiles">
            <transformation>
                <translate x="0" y="0.016" z="0" />
            </transformation>
            <materials>
                <material id="inherit" />
            </materials>
            <texture id="none" />
            <children>
                <primitiveref id="board" />
            </children>
        </component>
        <component id="boardSide">
            <transformation>
                <rotate axis="y" angle="45" />
                <rotate axis="x" angle="90" />
            </transformation>
            <materials>
                <material id="inherit" />
            </materials>
            <texture id="boardTex" length_s="1" length_t="1" />
            <children>
                <primitiveref id="boardTorus" />
            </children>
        </component>
        <component id="boardBase">
            <transformation>
                <translate x="0" y="0.015" z="0" />
                <rotate axis="x" angle="-90" />
            </transformation>
            <materials>
                <material id="inherit" />
            </materials>
            <texture id="inherit" />
            <children>
                <primitiveref id="boardRectangle" />
            </children>
        </component>

        <component id="table">
            <transformation>
            </transformation>
            <materials>
                <material id="tableMaterial"/>
            </materials>
            <texture id="tableTex" length_s="1" length_t="1"/>
            <children>
                <componentref id="tableTop"/>
                <componentref id="tableTopBottom"/>
                <componentref id="tableLeg1"/>
                <componentref id="tableLeg2"/>
                <componentref id="tableLeg3"/>
                <componentref id="tableLeg4"/>
            </children>
        </component>
        <component id="tableTop">
            <transformation>
                <scale x="1.5" y="1" z="1.5"/>
                <translate x="0" y="1.2" z="0"/>
            </transformation>
            <materials>
                <material id="inherit"/>
            </materials>
            <texture id="inherit"/>
            <children>
                <componentref id="tableTopTop"/>
                <componentref id="tableTopSideFront"/>
                <componentref id="tableTopSideBack"/>
                <componentref id="tableTopSideRight"/>
                <componentref id="tableTopSideLeft"/>
            </children>
        </component>
        <component id="tableTopBottom">
            <transformation>
                <scale x="1.5" y="1" z="1.5"/>
                <translate x="0" y="1.2" z="0"/>
                <rotate axis="x" angle="180"/>
            </transformation>
            <materials>
                <material id="inherit"/>
            </materials>
            <texture id="inherit"/>
            <children>
                <componentref id="tableTopTop"/>
            </children>
        </component>
        <component id="tableTopSideLeft">
            <transformation>
                <rotate axis="y" angle="-90"/>
                <translate x="0" y="0" z="1"/>
            </transformation>
            <materials>
                <material id="inherit"/>
            </materials>
            <texture id="inherit"/>
            <children>
                <primitiveref id="tableTopSideRectangle"/>
            </children>
        </component>
        <component id="tableTopSideRight">
            <transformation>
                <rotate axis="y" angle="90"/>
                <translate x="0" y="0" z="1"/>
            </transformation>
            <materials>
                <material id="inherit"/>
            </materials>
            <texture id="inherit"/>
            <children>
                <primitiveref id="tableTopSideRectangle"/>
            </children>
        </component>
        <component id="tableTopSideBack">
            <transformation>
                <rotate axis="y" angle="180"/>
                <translate x="0" y="0" z="0.5"/>
                <scale x="2" y="1" z="1"/>
            </transformation>
            <materials>
                <material id="inherit"/>
            </materials>
            <texture id="inherit"/>
            <children>
                <primitiveref id="tableTopSideRectangle"/>
            </children>
        </component>
        <component id="tableTopSideFront">
            <transformation>
                <translate x="0" y="0" z="0.5"/>
                <scale x="2" y="1" z="1"/>
            </transformation>
            <materials>
                <material id="inherit"/>
            </materials>
            <texture id="inherit"/>
            <children>
                <primitiveref id="tableTopSideRectangle"/>
            </children>
        </component>
        <component id="tableTopTop">
            <transformation>
                <translate x="0" y="0.025" z="0"/>
                <rotate axis="x" angle="-90"/>
            </transformation>
            <materials>
                <material id="inherit"/>
            </materials>
            <texture id="inherit"/>
            <children>
                <primitiveref id="tableTopRectangle"/>
            </children>
        </component>
        <component id="tableLeg1">
            <transformation>
                <translate x="1" y="0" z="0.5"/>
                <rotate axis="x" angle="-90"/>
            </transformation>
            <materials>
            <material id="inherit"/>
            </materials>
                <texture id="inherit"/>
            <children>
                <primitiveref id="tableLegCylinder"/>
            </children>
        </component>
        <component id="tableLeg2">
            <transformation>
                <translate x="-1" y="0" z="0.5"/>
                <rotate axis="x" angle="-90"/>
            </transformation>
            <materials>
            <material id="inherit"/>
            </materials>
                <texture id="inherit"/>
            <children>
                <primitiveref id="tableLegCylinder"/>
            </children>
        </component>
        <component id="tableLeg3">
            <transformation>
                <translate x="-1" y="0" z="-0.5"/>
                <rotate axis="x" angle="-90"/>
            </transformation>
            <materials>
                <material id="inherit"/>
            </materials>
            <texture id="inherit"/>
            <children>
                <primitiveref id="tableLegCylinder"/>
            </children>
        </component>
        <component id="tableLeg4">
            <transformation>
                <translate x="1" y="0" z="-0.5"/>
                <rotate axis="x" angle="-90"/>
            </transformation>
            <materials>
                <material id="inherit"/>
            </materials>
            <texture id="inherit"/>
            <children>
                <primitiveref id="tableLegCylinder"/>
            </children>
        </component>

        <component id="floor">
            <transformation>
                <scale x="10" y="1" z="10" />
            </transformation>
            <materials>
                <material id="snowMaterial" />
            </materials>
            <texture id="snowTex" length_s="1" length_t="1" />
            <children>
                <primitiveref id="floorPlane" />
            </children>
        </component>

        <component id="snowMan1">
            <transformation>
                <translate x="0" y="0" z="-1.5" />
            </transformation>
            <materials>
                <material id="inherit" />
            </materials>
            <texture id="snowTex" length_s="1" length_t="1" />
            <children>
                <componentref id="snowMan" />
            </children>
        </component>

        <component id="snowMan2">
            <transformation>
                <translate x="0" y="0" z="1.5" />
                <rotate axis="y" angle="180" />
            </transformation>
            <materials>
                <material id="inherit" />
            </materials>
            <texture id="snowTex" length_s="1" length_t="1" />
            <children>
                <componentref id="snowMan" />
            </children>
        </component>

        <component id="snowMan">
            <transformation>
                <scale x="0.6" y="0.6" z="0.6" />
                <translate x="0" y="0.9" z="0" />
            </transformation>
            <materials>
                <material id="snowManMaterial" />
            </materials>
            <texture id="snowTex" length_s="1" length_t="1" />
            <children>
                <componentref id="snowManHead" />
                <componentref id="snowManBodyTop" />
                <componentref id="snowManBodyDown" />
            </children>
        </component>

        <component id="snowManHead">
            <transformation>
                <translate x="0" y="2.3" z="0" />
                <scale x="0.6" y="0.6" z="0.6" />
            </transformation>
            <materials>
                <material id="inherit" />
            </materials>
            <texture id="inherit" />
            <children>
                <primitiveref id="snowManSphere" />
                <componentref id="snowManNose" />
                <componentref id="snowManEyes" />
            </children>
        </component>
        <component id="snowManBodyTop">
            <transformation>
                <translate x="0" y="1.25" z="0" />
                <scale x="0.8" y="0.8" z="0.8" />
            </transformation>
            <materials>
                <material id="inherit" />
            </materials>
            <texture id="inherit" />
            <children>
                <componentref id="snowManArmRight" />
                <componentref id="snowManArmLeft" />
                <primitiveref id="snowManSphere" />
            </children>
        </component>
        <component id="snowManBodyDown">
            <transformation>
            </transformation>
            <materials>
                <material id="inherit" />
            </materials>
            <texture id="inherit" />
            <children>
                <primitiveref id="snowManSphere" />
            </children>
        </component>
        <component id="snowManNose">
            <transformation>
                <translate x="0" y="0" z="0.6" />
                <rotate axis="x" angle="4" />
            </transformation>
            <materials>
                <material id="inherit" />
            </materials>
            <texture id="carrotTex" length_s="1" length_t="1" />
            <children>
                <primitiveref id="snowManCone" />
            </children>
        </component>
        <component id="snowManEyes">
            <transformation>
            </transformation>
            <materials>
                <material id="inherit" />
            </materials>
            <texture id="eyeTex" length_s="1" length_t="1"/>
            <children>
                <componentref id="snowManEyeLeft" />
                <componentref id="snowManEyeRight" />
            </children>
        </component>
        <component id="snowManEyeLeft">
            <transformation>
                <translate x="0.3" y="0" z="0" />
            </transformation>
            <materials>
                <material id="inherit" />
            </materials>
            <texture id="inherit" />
            <children>
                <componentref id="snowManEye" />
            </children>
        </component>
        <component id="snowManEyeRight">
            <transformation>
                <translate x="-0.3" y="0" z="0" />
            </transformation>
            <materials>
                <material id="inherit" />
            </materials>
            <texture id="inherit" />
            <children>
                <componentref id="snowManEye" />
            </children>
        </component>
        <component id="snowManEye">
            <transformation>
                <translate x="0" y="0.3" z="0.9" />
                <rotate axis="x" angle="-10" />
                <scale x="1" y="1" z="0.6" />
            </transformation>
            <materials>
                <material id="inherit" />
            </materials>
            <texture id="inherit" />
            <children>
                <primitiveref id="snowManEyeSphere" />
            </children>
        </component>


        <component id="snowManArmLeft">
            <transformation>
                <rotate axis="z" angle="16" />
                <translate x="1.5" y="0" z="0" />
                <rotate axis="x" angle="180" />
                <rotate axis="z" angle="180" />
            </transformation>
            <materials>
                <material id="inherit" />
            </materials>
            <texture id="inherit" />
            <children>
                <componentref id="snowManArm" />
            </children>
        </component>
        <component id="snowManArmRight">
            <transformation>
                <rotate axis="z" angle="-16" />
                <translate x="-1.5" y="0" z="0" />
            </transformation>
            <materials>
                <material id="inherit" />
            </materials>
            <texture id="inherit" />
            <children>
                <componentref id="snowManArm" />
            </children>
        </component>

        <component id="snowManArm">
            <transformation>
            </transformation>
            <materials>
                <material id="inherit" />
            </materials>
            <texture id="woodTex" length_s="1" length_t="1" />
            <children>
                <componentref id="snowManArmLittleTwig" />
                <componentref id="snowManArmTwig" />
            </children>
        </component>

        <component id="snowManArmTwig">
            <transformation>
                <translate x="-0.6" y="0" z="0" />
                <rotate axis="y" angle="90" />
            </transformation>
            <materials>
                <material id="inherit" />
            </materials>
            <texture id="inherit" />
            <children>
                <primitiveref id="snowManArmCylinder" />
            </children>
        </component>

        <component id="snowManArmLittleTwig">
            <transformation>
                <rotate axis="z" angle="60" />
                <rotate axis="x" angle="-90" />
                <scale x="0.8" y="0.8" z="0.3" />
            </transformation>
            <materials>
                <material id="inherit" />
            </materials>
            <texture id="inherit" />
            <children>
                <primitiveref id="snowManArmCylinder" />
            </children>
        </component>
    </components>
</lxs>
