<lxs>
    <scene root="springfield" axis_length="1"/>
    <views default="defaultCamera">
        <perspective id="defaultCamera" near="0.1" far="500" angle="45">
            <from x="30" y="15" z="30" />
            <to x="0" y="-2" z="0" />
        </perspective>
    </views>
    <globals>
        <ambient r="0.2" g="0.2" b="0.2" a="1.0" />
        <background r="0.0" g="0.0" b="0.0" a="1.0" />
    </globals>
    <lights>
        <omni id="default" enabled="1">
            <location x="50" y="30" z="50" w="1.0" />
            <ambient r="0" g="0" b="0" a="1.0" />
            <diffuse r="1.0" g="1.0" b="1.0" a="1.0" />
            <specular r="1.0" g="1.0" b="1.0" a="1.0" />
        </omni>
    </lights>
    <textures>
        <texture id="default" file="scenes/images/bank.jpg"/>
    </textures>
    <materials>
        <material id="demoMaterial" shininess="10">
            <emission r="0.0" g="0.0" b="0.0" a="1.0" />
            <ambient r="1.0" g="0.0" b="0.0" a="1.0" />
            <diffuse r="0.6" g="0.0" b="0.0" a="1.0" />
            <specular r="0.6" g="0.0" b="0.0" a="1.0" />
        </material>
    </materials>
    <transformations>
        <transformation id="demoTransform">
            <scale x="5" y="1" z="5" />
            <rotate axis="x" angle="-45" />
            <rotate axis="z" angle="-45" />
        </transformation>
        <transformation  id="baseChimneyTransformation">
            <rotate axis="x" angle="-90" />
        </transformation>
    </transformations>
    <primitives>
        <primitive id="upper-chimney">
            <cylinder base="2" top="2.3" height="2" stacks="8" slices="38" />
        </primitive>
        <primitive id="mid-chimney">
            <cylinder base="2" top="2" height="0.2" stacks="8" slices="38" />
        </primitive>
        <primitive id="lower-chimney">
            <cylinder base="3" top="2" height="5" stacks="8" slices="32" />
        </primitive>
        <primitive id="homer-head">
            <sphere radius="0.5" slices="32" stacks="16" />
        </primitive>
        <primitive id="homer-body">
            <sphere radius="0.6" slices="32" stacks="16" />
        </primitive>
        <primitive id="homer-limb">
            <cylinder base="0.06" top="0.07" height="1" stacks="2" slices="16" />
        </primitive>
        <primitive id="donut">
            <torus inner="0.3" outer="2" slices="32" loops="32" />
        </primitive>
        <primitive id="bg">
            <rectangle x1="0" x2="15" y1="0" y2="10" />
        </primitive>
    </primitives>
    <components>
        <component id="springfield">
            <transformation>
                <scale x="0.3" y="0.3" z="0.3" />
            </transformation>
            <materials>
                <material id="demoMaterial" />
            </materials>
            <texture id="default" length_s="1" length_t="1" />
            <children>
                <componentref id="homer" />
                <componentref id="chimneys" />
                <primitiveref id="bg" />
            </children>
        </component>
        <component id="homer">
            <transformation>
                <translate y="0" x="2" z="8" />
            </transformation>
            <materials>
                <material id="inherit" />
            </materials>
            <texture id="inherit" />
            <children>
                <componentref id="homer-left-arm" />
                <componentref id="homer-right-arm" />
                <componentref id="homer-body" />
                <componentref id="homer-left-leg" />
                <componentref id="homer-right-leg" />
                <componentref id="homer-head" />
            </children>
        </component>
        <component id="homer-right-arm">
            <transformation>
                <translate x="0.4" y="1.5" z="0" />
                <rotate axis="z" angle="-120" />
                <rotate axis="x" angle="-90" />
                <scale x="1" y="1" z="0.6" />
            </transformation>
            <materials>
                <material id="inherit" />
            </materials>
            <texture id="inherit" />
            <children>
                <primitiveref id="homer-limb" />
            </children>
        </component>
        <component id="homer-left-arm">
            <transformation>
                <translate x="-0.4" y="1.5" z="0" />
                <rotate axis="z" angle="120" />
                <rotate axis="x" angle="-90" />
                <scale x="1" y="1" z="0.6" />
            </transformation>
            <materials>
                <material id="inherit" />
            </materials>
            <texture id="inherit" />
            <children>
                <primitiveref id="homer-limb" />
            </children>
        </component>
        <component id="homer-left-leg">
            <transformation>
                <translate x="-0.1" y="0.8" z="0" />
                <rotate axis="z" angle="150" />
                <rotate axis="x" angle="-90" />
                <scale x="1" y="1" z="0.8" />
            </transformation>
            <materials>
                <material id="inherit" />
            </materials>
            <texture id="inherit" />
            <children>
                <primitiveref id="homer-limb" />
            </children>
        </component>
        <component id="homer-right-leg">
            <transformation>
                <translate x="0.1" y="0.8" z="0" />
                <rotate axis="z" angle="-150" />
                <rotate axis="x" angle="-90" />
                <scale x="1" y="1" z="0.8" />
            </transformation>
            <materials>
                <material id="inherit" />
            </materials>
            <texture id="inherit" />
            <children>
                <primitiveref id="homer-limb" />
            </children>
        </component>
        <component id="homer-body">
            <transformation>
                <translate x="0" y="1.2" z="0" />
                <scale x="0.8" y="1" z="0.6" />
            </transformation>
            <materials>
                <material id="inherit" />
            </materials>
            <texture id="inherit" />
            <children>
                <primitiveref id="homer-body" />
            </children>
        </component>
        <component id="homer-head">
            <transformation>
                <translate x="0" y="2.05" z="0" />
                <scale x="0.7" y="0.7" z="0.7" />
            </transformation>
            <materials>
                <material id="inherit" />
            </materials>
            <texture id="inherit" />
            <children>
                <primitiveref id="homer-head" />
            </children>
        </component>
        <component id="chimneys">
            <transformation>
                <translate x="4" y="0" z="3.5" /> 
                <scale x="1" y="0.8" z="1" />
            </transformation>
            <materials>
                <material id="inherit" />
            </materials>
            <texture id="inherit" />
            <children>
                <componentref id="chimney1" />
                <componentref id="chimney2" />
            </children>
        </component>
        <component id="chimney1">
            <transformation>
            </transformation>
            <materials>
                <material id="inherit" />
            </materials>
            <texture id="inherit" />
            <children>
                <componentref id="baseChimney" />
            </children>
        </component>
        <component id="chimney2">
            <transformation>
                <translate x="6" y="0" z="0" />
                <scale x="0.8" y="0.8" z="0.8" />
            </transformation>
            <materials>
                <material id="inherit" />
            </materials>
            <texture id="inherit" />
            <children>
                <componentref id="baseChimney" />
            </children>
        </component>
            
        <component id="baseChimney">
            <transformation>
            </transformation>
            <materials>
                <material id="inherit" />
            </materials>
            <texture id="inherit" />
            <children>
                <componentref id="lowerChimney" />
                <componentref id="midChimney" />
                <componentref id="upperChimney" />
                <componentref id="chimneyRing" />
            </children> 
        </component>
        
        <component id="chimneyRing">
            <transformation>
                <translate x="0" y="7.2" z="0" />
                <rotate axis="x" angle="-90" />
            </transformation>
            <materials>
                <material id="inherit" />
            </materials>
            <texture id="inherit" />
            <children>
                <primitiveref id="donut" />
            </children>
        </component>

        <component id="upperChimney">
            <transformation>
                <translate x="0" y="5.2" z="0" />
                <rotate axis="x" angle="-90" />
            </transformation>
            <materials>
                <material id="inherit" />
            </materials>
            <texture id="inherit" />
            <children>
                <primitiveref id="upper-chimney" />
            </children>
        </component>

        <component id="lowerChimney">
            <transformation>
                <translate x="0" y="0" z="0" />
                <rotate axis="x" angle="-90" />
            </transformation>
            <materials>
                <material id="inherit" />
            </materials>
            <texture id="inherit" />
            <children>
                <primitiveref id="lower-chimney" />
            </children>
        </component>

        <component id="midChimney">
            <transformation>
                <translate x="0" y="5" z="0" />
                <rotate axis="x" angle="-90" />
            </transformation>
            <materials>
                <material id="inherit" />
            </materials>
            <texture id="inherit" />
            <children>
                <primitiveref id="mid-chimney" />
            </children>
        </component>

    </components>
</lxs>